[
  {
    "Name": "Only Entities",
    "Parameter": " -onlyents",
    "Description": "Only import the entities from the VMF. Brushes and internal entities are not modified. Conserves existing lighting data.",
    "Value": null,
    "CanHaveValue": false,
    "Warning": ""
  },
  {
    "Name": "Only Props",
    "Parameter": " -onlyprops",
    "Description": "Only update static and detail props (i.e. the internal entities).",
    "Value": null,
    "CanHaveValue": false,
    "Warning": "Does not generate a .prt file, making VVIS fail!"
  },
  {
    "Name": "No Detail",
    "Parameter": " -nodetail",
    "Description": "Compiles without func_detail brushes.",
    "Value": null,
    "CanHaveValue": false,
    "Warning": ""
  },
  {
    "Name": "No T-Junc",
    "Parameter": " -notjunc",
    "Description": "Don't fix t-junctions.",
    "Value": null,
    "CanHaveValue": false,
    "Warning": ""
  },
  {
    "Name": "No Water",
    "Parameter": " -nowater",
    "Description": "Compiles without water brushes.",
    "Value": null,
    "CanHaveValue": false,
    "Warning": ""
  },
  {
    "Name": "Leak Test",
    "Parameter": " -leaktest",
    "Description": "Stop compiling if a leak is detected.",
    "Value": null,
    "CanHaveValue": false,
    "Warning": "Not supported on newer Source."
  },
  {
    "Name": "Micro Volume Test",
    "Parameter": " -micro",
    "Description": "VBSP will warn when brushes are output with a volume less than this number (default: 1.0).",
    "Value": 1.0,
    "CanHaveValue": true,
    "Warning": ""
  },
  {
    "Name": "All Detail",
    "Parameter": " -alldetail",
    "Description": "Make all geometry func_detail to improve VVIS times. Use with a radius override of 2500 in VVIS.",
    "Value": null,
    "CanHaveValue": false,
    "Warning": "Support varies between versions of source."
  },
  {
    "Name": "Full Detail",
    "Parameter": " -fulldetail",
    "Description": "Mark all detail geometry as normal geometry (so all detail geometry will affect visibility).",
    "Value": null,
    "CanHaveValue": false,
    "Warning": ""
  },
  {
    "Name": "Verbose",
    "Parameter": " -verbose",
    "Description": "Turn on verbose output for debug purposes.",
    "Value": null,
    "CanHaveValue": false,
    "Warning": ""
  },
  {
    "Name": "Static Prop Combine",
    "Parameter": " -staticpropcombine",
    "Description": "Merges static props together according to the rules defined in scripts/hammer/spcombinerules/spcombinerules.txt.",
    "Value": null,
    "CanHaveValue": false,
    "Warning": "CS:GO Only!"
  },
  {
    "Name": "Static Prop Combine - Keep Sources",
    "Parameter": " -keepsources",
    "Description": "Don't clean up cluster models after bspzip.",
    "Value": null,
    "CanHaveValue": false,
    "Warning": "CS:GO Only!"
  },
  {
    "Name": "Static Prop Combine - Consider VIS",
    "Parameter": " -staticpropcombine_considervis",
    "Description": "Cluster static prop models only within vis clusters.",
    "Value": null,
    "CanHaveValue": false,
    "Warning": "CS:GO Only!"
  },
  {
    "Name": "Static Prop Combine - Autocombine",
    "Parameter": " -staticpropcombine_autocombine",
    "Description": "Automatically combine simple static props without an explicit combine rule.",
    "Value": null,
    "CanHaveValue": false,
    "Warning": "CS:GO Only!"
  },
  {
    "Name": "Static Prop Combine - Suggest Rules",
    "Parameter": " -staticpropcombine_suggestrules",
    "Description": "Suggest rules to add to spcombinerules.txt",
    "Value": null,
    "CanHaveValue": false,
    "Warning": "CS:GO Only!"
  },
  {
    "Name": "Static Prop Combine - Min Instances",
    "Parameter": " -staticpropcombine_mininstances",
    "Description": "Set the minimum number of props in a combine group required to create a combined prop.",
    "Value": 3,
    "CanHaveValue": true,
    "Warning": "CS:GO Only!"
  },
  {
    "Name": "Static Prop Combine - Print Combine Rules",
    "Parameter": " -staticpropcombine_printcombinerules",
    "Description": "Prints the combine rules",
    "Value": null,
    "CanHaveValue": false,
    "Warning": "CS:GO Only!"
  },
  {
    "Name": "Static Prop Combine - Color Instances",
    "Parameter": " -staticpropcombine_colorinstances",
    "Description": "Instances of combined props get colored",
    "Value": null,
    "CanHaveValue": false,
    "Warning": "CS:GO Only!"
  },
  {
    "Name": "Static Prop Combine Ignore - Fast Reflection",
    "Parameter": " -combineignore_fastreflection",
    "Description": "Combine props, even if they have differing Render in Fast Reflections settings.",
    "Value": null,
    "CanHaveValue": false,
    "Warning": "CS:GO Only!"
  },
  {
    "Name": "Static Prop Combine Ignore - Normals",
    "Parameter": " -combineignore_normals",
    "Description": "Combine props, even if they have differing Ignore Normals settings.",
    "Value": null,
    "CanHaveValue": false,
    "Warning": "CS:GO Only!"
  },
  {
    "Name": "Static Prop Combine Ignore - No Shadow",
    "Parameter": " -combineignore_noshadow",
    "Description": "Combine props, even if they have differing Disable Shadows settings.",
    "Value": null,
    "CanHaveValue": false,
    "Warning": "CS:GO Only!"
  },
  {
    "Name": "Static Prop Combine Ignore - No Vertex Lighting",
    "Parameter": " -combineignore_novertexlighting",
    "Description": "Combine props, even if they have differing Disable Vertex lighting settings.",
    "Value": null,
    "CanHaveValue": false,
    "Warning": "CS:GO Only!"
  },
  {
    "Name": "Static Prop Combine Ignore - No Flashlight",
    "Parameter": " -combineignore_noflashlight",
    "Description": "Combine props, even if they have differing Disable flashlight settings.",
    "Value": null,
    "CanHaveValue": false,
    "Warning": "CS:GO Only!"
  },
  {
    "Name": "Static Prop Combine Ignore - No Self Shadowing",
    "Parameter": " -combineignore_noselfshadowing",
    "Description": "Combine props, even if they have differing Disable Self-Shadowing settings.",
    "Value": null,
    "CanHaveValue": false,
    "Warning": "CS:GO Only!"
  },
  {
    "Name": "Static Prop Combine Ignore - Disable Shadow Depth",
    "Parameter": " -combineignore_disableshadowdepth",
    "Description": "Combine props, even if they have differing Disable ShadowDepth settings.",
    "Value": null,
    "CanHaveValue": false,
    "Warning": "CS:GO Only!"
  }
]